Time (%),Total Time (ns),Instances,Avg (ns),Med (ns),Min (ns),Max (ns),StdDev (ns),Name
14.1,77732125,9108,8534.5,6624.0,5984,16480,3388.3,void cutlass::Kernel2<cutlass_80_tensorop_f16_s16816gemm_relu_f16_64x64_32x6_tn_align8>(T1::Params)
11.8,65176588,176,370321.5,386366.0,233951,390623,36650.9,"ctranslate2::ops::gather_rows_kernel(ctranslate2::ops::GatherRowsArgs, const int *, unsigned int)"
9.1,50470634,2244,22491.4,22400.0,22111,24000,270.7,"void flash_fwd_splitkv_kernel<Flash_fwd_kernel_traits<(int)64, (int)64, (int)256, (int)4, (bool)0, (bool)0, cutlass::half_t, Flash_kernel_traits<(int)64, (int)64, (int)256, (int)4, cutlass::half_t>>, (bool)0, (bool)0, (bool)0, (bool)0, (bool)1, (bool)0, (bool)1>(Flash_fwd_params)"
6.3,34854378,264,132024.2,132400.0,129727,134432,1400.2,sm80_xmma_gemm_f16f16_f16f32_f32_tn_n_tilesize160x128x32_stage4_warpsize2x2x1_tensor16x8x16_execute_kernel__5x_cublas
6.2,34351577,2376,14457.7,14496.0,12032,16160,650.3,void cutlass::Kernel2<cutlass_80_wmma_tensorop_f16_s161616gemm_f16_32x32_128x2_nn_align2>(T1::Params)
6.2,33996503,2376,14308.3,14239.0,13952,16288,384.1,ampere_fp16_s16816gemm_fp16_64x64_ldg8_f2f_stages_64x5_tn
5.9,32742494,187,175093.6,175072.0,174207,176415,389.1,void cutlass::Kernel2<cutlass_80_tensorop_f16_s16816gemm_relu_f16_64x64_32x10_tn_align8>(T1::Params)
5.2,28634982,2772,10330.1,10752.0,6624,12480,1414.1,void cutlass::Kernel2<cutlass_80_wmma_tensorop_f16_s161616gemm_f16_32x32_128x2_tn_align8>(T1::Params)
4.5,24840757,7590,3272.8,2848.0,2720,15104,2198.0,"void at::native::LayerNormForwardCUDAKernel<__half, unsigned int>(T2, float, const T1 *, const T1 *, const T1 *, T1 *)"
4.1,22526674,264,85328.3,85488.0,43167,127103,41326.4,void cutlass::Kernel2<cutlass_80_tensorop_f16_s16816gemm_relu_f16_128x128_32x4_tn_align8>(T1::Params)
3.6,19982256,7788,2565.8,1824.0,1696,11936,2446.7,"void cub::CUB_200700_860_NS::detail::for_each::static_kernel<cub::CUB_200700_860_NS::detail::for_each::policy_hub_t::policy_350_t, long, thrust::THRUST_200700_860_NS::cuda_cub::__transform::unary_transform_f<thrust::THRUST_200700_860_NS::permutation_iterator<const uint4 *, thrust::THRUST_200700_860_NS::transform_iterator<ctranslate2::ops::inner_dim_offset_map<unsigned int>, thrust::THRUST_200700_860_NS::counting_iterator<unsigned int, thrust::THRUST_200700_860_NS::use_default, thrust::THRUST_200700_860_NS::use_default, thrust::THRUST_200700_860_NS::use_default>, thrust::THRUST_200700_860_NS::use_default, thrust::THRUST_200700_860_NS::use_default>>, uint4 *, thrust::THRUST_200700_860_NS::cuda_cub::__transform::no_stencil_tag, thrust::THRUST_200700_860_NS::cuda_cub::identity, thrust::THRUST_200700_860_NS::cuda_cub::__transform::always_true_predicate>>(T2, T3)"
3.5,19556758,9108,2147.2,2112.0,1727,2688,267.7,"void cublasLt::splitKreduce_kernel<(int)32, (int)16, int, __half, __half, float, __half, (bool)0, __half, __half, __half, (bool)1, (bool)1, (bool)0>(cublasLt::cublasSplitKParams<T6>, const T4 *, const T10 *, T9 *, T5 *, const T6 *, const T6 *, const T11 *, const T4 *, T11 *, void *, long, T6 *, int *, T6 *, T6 *, const T6 *, const T6 *, const T6 *, const T6 *, const T6 *)"
3.4,18855810,2376,7935.9,7936.0,5696,9184,527.5,void cutlass::Kernel2<cutlass_80_wmma_tensorop_f16_s161616gemm_f16_16x16_32x1_tn_align2>(T1::Params)
3.3,18291842,132,138574.6,138591.0,138175,139103,175.8,"void flash_fwd_kernel<Flash_fwd_kernel_traits<(int)64, (int)128, (int)128, (int)4, (bool)0, (bool)0, cutlass::half_t, Flash_kernel_traits<(int)64, (int)128, (int)128, (int)4, cutlass::half_t>>, (bool)0, (bool)0, (bool)0, (bool)0, (bool)1, (bool)0>(Flash_fwd_params)"
1.9,10612408,2508,4231.4,2240.0,2112,40544,8461.4,"void cub::CUB_200700_860_NS::detail::for_each::static_kernel<cub::CUB_200700_860_NS::detail::for_each::policy_hub_t::policy_350_t, long, thrust::THRUST_200700_860_NS::cuda_cub::__transform::binary_transform_f<thrust::THRUST_200700_860_NS::permutation_iterator<const __half *, thrust::THRUST_200700_860_NS::transform_iterator<ctranslate2::cuda::repeat_vec_block<unsigned int>, thrust::THRUST_200700_860_NS::counting_iterator<unsigned int, thrust::THRUST_200700_860_NS::use_default, thrust::THRUST_200700_860_NS::use_default, thrust::THRUST_200700_860_NS::use_default>, thrust::THRUST_200700_860_NS::use_default, thrust::THRUST_200700_860_NS::use_default>>, const __half *, __half *, thrust::THRUST_200700_860_NS::cuda_cub::__transform::no_stencil_tag, ctranslate2::ops::op_epilogue<__half, ctranslate2::cuda::plus<__half>, ctranslate2::cuda::gelu_func<__half>>, thrust::THRUST_200700_860_NS::cuda_cub::__transform::always_true_predicate>>(T2, T3)"
1.9,10328547,4884,2114.8,1376.0,1312,28128,4269.2,"void ctranslate2::transpose_0213<uint4>(const T1 *, unsigned int, unsigned int, unsigned int, T1 *)"
1.8,10203452,2376,4294.4,4288.0,4160,4384,36.9,"void at::native::cunn_SoftMaxForward<__half, float, __half, unsigned int, int, at::native::SoftMaxForwardEpilogue>(T3 *, const T1 *, T4, const T5 *)"
1.7,9477341,187,50681.0,50688.0,50624,50720,22.7,"void fastertransformer::topk_stage_1<__half, (int)128, (int)8>(T1 *, int *, T1 *, int, int)"
1.6,8936905,132,67703.8,67584.0,67040,68576,403.3,void cutlass::Kernel2<cutlass_80_tensorop_f16_s16816gemm_relu_f16_256x128_32x3_tn_align8>(T1::Params)
0.8,4544500,528,8607.0,7264.0,1824,18560,6448.2,"void cub::CUB_200700_860_NS::detail::for_each::static_kernel<cub::CUB_200700_860_NS::detail::for_each::policy_hub_t::policy_350_t, long, thrust::THRUST_200700_860_NS::cuda_cub::__transform::unary_transform_f<const uint4 *, thrust::THRUST_200700_860_NS::permutation_iterator<uint4 *, thrust::THRUST_200700_860_NS::transform_iterator<ctranslate2::ops::inner_dim_offset_map<unsigned int>, thrust::THRUST_200700_860_NS::counting_iterator<unsigned int, thrust::THRUST_200700_860_NS::use_default, thrust::THRUST_200700_860_NS::use_default, thrust::THRUST_200700_860_NS::use_default>, thrust::THRUST_200700_860_NS::use_default, thrust::THRUST_200700_860_NS::use_default>>, thrust::THRUST_200700_860_NS::cuda_cub::__transform::no_stencil_tag, thrust::THRUST_200700_860_NS::cuda_cub::identity, thrust::THRUST_200700_860_NS::cuda_cub::__transform::always_true_predicate>>(T2, T3)"
0.8,4304143,187,23016.8,23008.0,22720,23264,94.9,"void at::native::cunn_SoftMaxForward<__half, float, __half, unsigned int, int, at::native::LogSoftMaxForwardEpilogue>(T3 *, const T1 *, T4, const T5 *)"
0.5,2966169,2519,1177.5,1152.0,1120,1824,97.4,"void cub::CUB_200700_860_NS::detail::for_each::static_kernel<cub::CUB_200700_860_NS::detail::for_each::policy_hub_t::policy_350_t, long, thrust::THRUST_200700_860_NS::cuda_cub::__fill::functor<int *, int>>(T2, T3)"
0.3,1679129,132,12720.7,12704.0,12575,12928,62.8,"void flash_fwd_kernel<Flash_fwd_kernel_traits<(int)64, (int)128, (int)128, (int)4, (bool)0, (bool)0, cutlass::half_t, Flash_kernel_traits<(int)64, (int)128, (int)128, (int)4, cutlass::half_t>>, (bool)1, (bool)0, (bool)0, (bool)0, (bool)1, (bool)0>(Flash_fwd_params)"
0.2,1187962,66,17999.4,13456.0,2336,52480,16278.1,"void cudnn::engines_precompiled::nchwToNhwcKernel<__half, __half, float, (bool)0, (bool)1, (cudnnKernelDataType_t)0>(cudnn::engines_precompiled::nchw2nhwc_params_t<T3>, const T1 *, T2 *)"
0.2,1055711,11,95973.7,95936.0,95712,96287,174.4,sm80_xmma_fprop_implicit_gemm_f16f16_f16f32_f32_nhwckrsc_nhwc_tilesize128x128x64_stage3_warpsize2x2x1_g1_tensor16x8x16_execute_kernel__5x_cudnn
0.2,954365,187,5103.6,5120.0,5056,5152,20.8,"void fastertransformer::topk_stage_2<__half, (int)128, (int)8>(const int *, T1 *, int *, T1 *, int, int, int)"
0.1,584924,198,2954.2,3008.0,1920,3232,249.6,"void cub::CUB_200700_860_NS::detail::for_each::static_kernel<cub::CUB_200700_860_NS::detail::for_each::policy_hub_t::policy_350_t, long, thrust::THRUST_200700_860_NS::cuda_cub::__transform::unary_transform_f<thrust::THRUST_200700_860_NS::permutation_iterator<const uint4 *, thrust::THRUST_200700_860_NS::transform_iterator<ctranslate2::ops::batch_gather_index_map<unsigned int>, thrust::THRUST_200700_860_NS::counting_iterator<unsigned int, thrust::THRUST_200700_860_NS::use_default, thrust::THRUST_200700_860_NS::use_default, thrust::THRUST_200700_860_NS::use_default>, thrust::THRUST_200700_860_NS::use_default, thrust::THRUST_200700_860_NS::use_default>>, uint4 *, thrust::THRUST_200700_860_NS::cuda_cub::__transform::no_stencil_tag, thrust::THRUST_200700_860_NS::cuda_cub::identity, thrust::THRUST_200700_860_NS::cuda_cub::__transform::always_true_predicate>>(T2, T3)"
0.1,531739,209,2544.2,2208.0,1760,9119,1531.2,"void cub::CUB_200700_860_NS::detail::for_each::static_kernel<cub::CUB_200700_860_NS::detail::for_each::policy_hub_t::policy_350_t, long, thrust::THRUST_200700_860_NS::cuda_cub::__transform::binary_transform_f<thrust::THRUST_200700_860_NS::permutation_iterator<const __half *, thrust::THRUST_200700_860_NS::transform_iterator<ctranslate2::cuda::repeat_vec<unsigned int>, thrust::THRUST_200700_860_NS::counting_iterator<unsigned int, thrust::THRUST_200700_860_NS::use_default, thrust::THRUST_200700_860_NS::use_default, thrust::THRUST_200700_860_NS::use_default>, thrust::THRUST_200700_860_NS::use_default, thrust::THRUST_200700_860_NS::use_default>>, const __half *, __half *, thrust::THRUST_200700_860_NS::cuda_cub::__transform::no_stencil_tag, ctranslate2::cuda::plus<__half>, thrust::THRUST_200700_860_NS::cuda_cub::__transform::always_true_predicate>>(T2, T3)"
0.1,512350,187,2739.8,2784.0,2144,3040,198.2,"void cub::CUB_200700_860_NS::detail::for_each::static_kernel<cub::CUB_200700_860_NS::detail::for_each::policy_hub_t::policy_350_t, long, thrust::THRUST_200700_860_NS::cuda_cub::__fill::functor<thrust::THRUST_200700_860_NS::permutation_iterator<thrust::THRUST_200700_860_NS::device_ptr<__half>, thrust::THRUST_200700_860_NS::device_ptr<const int>>, __half>>(T2, T3)"
0.1,509694,275,1853.4,1856.0,1472,1984,83.1,"void cub::CUB_200700_860_NS::detail::for_each::static_kernel<cub::CUB_200700_860_NS::detail::for_each::policy_hub_t::policy_350_t, long, thrust::THRUST_200700_860_NS::cuda_cub::__transform::unary_transform_f<thrust::THRUST_200700_860_NS::permutation_iterator<const uint4 *, thrust::THRUST_200700_860_NS::transform_iterator<ctranslate2::ops::tiled_index_map<unsigned int>, thrust::THRUST_200700_860_NS::counting_iterator<unsigned int, thrust::THRUST_200700_860_NS::use_default, thrust::THRUST_200700_860_NS::use_default, thrust::THRUST_200700_860_NS::use_default>, thrust::THRUST_200700_860_NS::use_default, thrust::THRUST_200700_860_NS::use_default>>, uint4 *, thrust::THRUST_200700_860_NS::cuda_cub::__transform::no_stencil_tag, thrust::THRUST_200700_860_NS::cuda_cub::identity, thrust::THRUST_200700_860_NS::cuda_cub::__transform::always_true_predicate>>(T2, T3)"
0.1,485951,187,2598.7,2592.0,2527,2720,37.9,"void cub::CUB_200700_860_NS::detail::for_each::static_kernel<cub::CUB_200700_860_NS::detail::for_each::policy_hub_t::policy_350_t, long, thrust::THRUST_200700_860_NS::cuda_cub::__transform::binary_transform_f<thrust::THRUST_200700_860_NS::permutation_iterator<const __half *, thrust::THRUST_200700_860_NS::transform_iterator<ctranslate2::cuda::repeat_vec_depth<unsigned int>, thrust::THRUST_200700_860_NS::counting_iterator<unsigned int, thrust::THRUST_200700_860_NS::use_default, thrust::THRUST_200700_860_NS::use_default, thrust::THRUST_200700_860_NS::use_default>, thrust::THRUST_200700_860_NS::use_default, thrust::THRUST_200700_860_NS::use_default>>, const __half *, __half *, thrust::THRUST_200700_860_NS::cuda_cub::__transform::no_stencil_tag, ctranslate2::cuda::plus<__half>, thrust::THRUST_200700_860_NS::cuda_cub::__transform::always_true_predicate>>(T2, T3)"
0.1,484606,264,1835.6,1824.0,1760,2016,43.5,"void cublasLt::epilogue::impl::globalKernel<(int)8, (int)32, __half, __half, float, (bool)1, (bool)1, (int)1>(int, int, long, T3 *, cublasLtEpilogue_t, int, T4 *, long, void *, long, long, long, T5 *, long, int *)"
0.1,343869,11,31260.8,31264.0,31135,31456,98.8,sm80_xmma_fprop_implicit_gemm_f16f16_f16f32_f32_nhwckrsc_nhwc_tilesize256x128x32_stage3_warpsize4x2x1_g1_tensor16x8x16_execute_kernel__5x_cudnn
0.0,238015,22,10818.9,10720.0,4896,16896,5830.2,"void cudnn::engines_precompiled::nhwcToNchwKernel<__half, __half, float, (bool)1, (bool)0, (cudnnKernelDataType_t)0>(cudnn::engines_precompiled::nhwc2nchw_params_t<T3>, const T1 *, T2 *)"
0.0,235808,22,10718.5,10656.0,6272,15264,4471.7,"void cub::CUB_200700_860_NS::detail::for_each::static_kernel<cub::CUB_200700_860_NS::detail::for_each::policy_hub_t::policy_350_t, long, thrust::THRUST_200700_860_NS::cuda_cub::__transform::unary_transform_f<const __half *, __half *, thrust::THRUST_200700_860_NS::cuda_cub::__transform::no_stencil_tag, ctranslate2::cuda::gelu_func<__half>, thrust::THRUST_200700_860_NS::cuda_cub::__transform::always_true_predicate>>(T2, T3)"
0.0,233856,11,21259.6,21216.0,21152,21376,71.9,"void cub::CUB_200700_860_NS::detail::for_each::static_kernel<cub::CUB_200700_860_NS::detail::for_each::policy_hub_t::policy_350_t, long, thrust::THRUST_200700_860_NS::cuda_cub::__transform::unary_transform_f<thrust::THRUST_200700_860_NS::permutation_iterator<const __half *, thrust::THRUST_200700_860_NS::transform_iterator<ctranslate2::perm_indices_3d<unsigned int>, thrust::THRUST_200700_860_NS::counting_iterator<unsigned int, thrust::THRUST_200700_860_NS::use_default, thrust::THRUST_200700_860_NS::use_default, thrust::THRUST_200700_860_NS::use_default>, thrust::THRUST_200700_860_NS::use_default, thrust::THRUST_200700_860_NS::use_default>>, __half *, thrust::THRUST_200700_860_NS::cuda_cub::__transform::no_stencil_tag, thrust::THRUST_200700_860_NS::identity<__half>, thrust::THRUST_200700_860_NS::cuda_cub::__transform::always_true_predicate>>(T2, T3)"
0.0,25183,22,1144.7,1152.0,1120,1152,13.7,"void cub::CUB_200700_860_NS::detail::for_each::static_kernel<cub::CUB_200700_860_NS::detail::for_each::policy_hub_t::policy_350_t, long, thrust::THRUST_200700_860_NS::cuda_cub::__fill::functor<signed char *, signed char>>(T2, T3)"
0.0,16032,11,1457.5,1440.0,1408,1536,33.1,"ctranslate2::prepare_length_mask_kernel(const int *, unsigned int, unsigned int, bool, bool, int *)"
